tool,number,repeat,best_seconds,average_seconds
Polars Lazy,2,3,0.0392644579987973,0.04294942366929414
DuckDB SQL,2,3,0.08310335400165059,0.08370277766516665
Pandas,2,3,0.455423958497704,0.46676723616595456
